name,Horario,Fuente,Poblacion,description,departamento,url
SEDES Trinidad,8:00 - 12:00 y 14:30 - 17:00,https://twitter.com/senarecom1/status/1393317516890492941,Población general mayor o igual a 50 años,,Beni,https://umap.openstreetmap.fr/en/map/puntos-de-vacunacion-covid-19-bolivia_611476#18/-14.836413/-64.906486
Centro de Salud Casegural,,https://correodelsur.com/local/20210517_retoman-vacunacion-contra-el-coronavirus-en-la-capital.html,"Población con patología de base entre 18 y 59 años, 2da dosis, y mayores o iguales de 60 años","Vacunarán a personas que hayan recibido 1ra dosis hace 90 días.
Requisito: CI original y fotocopia y Certificado de acreditación de Patología de Base",Chuquisaca,https://umap.openstreetmap.fr/en/map/puntos-de-vacunacion-covid-19-bolivia_611476#18/-19.023175/-65.282478
Coliseo San José,,https://correodelsur.com/local/20210517_retoman-vacunacion-contra-el-coronavirus-en-la-capital.html,"Población con patología de base entre 18 y 59 años, 2da dosis, y mayores o iguales de 60 años","Vacunarán a personas que hayan recibido 1ra dosis hace 90 días.
Requisito: CI original y fotocopia y Certificado de acreditación de Patología de Base",Chuquisaca,https://umap.openstreetmap.fr/en/map/puntos-de-vacunacion-covid-19-bolivia_611476#18/-19.037321/-65.250485
Coliseo Universitario (USFX),,https://correodelsur.com/local/20210517_retoman-vacunacion-contra-el-coronavirus-en-la-capital.html,"Población con patología de base entre 18 y 59 años, 2da dosis, y mayores o iguales de 60 años","Vacunarán a personas que hayan recibido 1ra dosis hace 90 días.
Requisito: CI original y fotocopia y Certificado de acreditación de Patología de Base
",Chuquisaca,https://umap.openstreetmap.fr/en/map/puntos-de-vacunacion-covid-19-bolivia_611476#18/-19.048306/-65.261836
Facultad de Ciencias de Enfermería y Obstetricia (USFX),,https://correodelsur.com/local/20210517_retoman-vacunacion-contra-el-coronavirus-en-la-capital.html,"Población con patología de base entre 18 y 59 años, 2da dosis, y mayores o iguales de 60 años","Vacunarán a personas que hayan recibido 1ra dosis hace 90 días.
Requisito: CI original y fotocopia y Certificado de acreditación de Patología de Base",Chuquisaca,https://umap.openstreetmap.fr/en/map/puntos-de-vacunacion-covid-19-bolivia_611476#18/-19.025475/-65.257137
Facultad de Tecnología (USFX),,https://correodelsur.com/local/20210517_retoman-vacunacion-contra-el-coronavirus-en-la-capital.html,"Población con patología de base entre 18 y 59 años, 2da dosis, y mayores o iguales de 60 años","Vacunarán a personas que hayan recibido 1ra dosis hace 90 días.
Requisito: CI original y fotocopia y Certificado de acreditación de Patología de Base",Chuquisaca,https://umap.openstreetmap.fr/en/map/puntos-de-vacunacion-covid-19-bolivia_611476#18/-19.039739/-65.257003
PoliGimnasio Max Toledo,,https://correodelsur.com/local/20210517_retoman-vacunacion-contra-el-coronavirus-en-la-capital.html,"Población con patología de base entre 18 y 59 años, 2da dosis, y mayores o iguales de 60 años","Vacunarán a personas que hayan recibido 1ra dosis hace 90 días.
Requisito: CI original y fotocopia y Certificado de acreditación de Patología de Base",Chuquisaca,https://umap.openstreetmap.fr/en/map/puntos-de-vacunacion-covid-19-bolivia_611476#18/-19.050906/-65.270054
Hospital Solomon Klein,Desde las 8:00am,Padres vacunados ahí,De 50 años en adelante,"Punto de vacunación, atienden por la puerta de la Av. Maximiliano Klobe.
Requisitos: una fotocopia de carnet ",Cochabamba,https://umap.openstreetmap.fr/en/map/puntos-de-vacunacion-covid-19-bolivia_611476#18/-17.383037/-66.109468
Hospital del Sur,"Lunes a Viernes 8:00 - 18:00 , Sábado y Domingo 8:00 - 14:00",https://twitter.com/vicemincom/status/1393221422143651841,Población general mayor o igual a 50 años,,Cochabamba,https://umap.openstreetmap.fr/en/map/puntos-de-vacunacion-covid-19-bolivia_611476#18/-17.450259/-66.150076
Hospital del Norte,"Lunes a Viernes 8:00 - 18:00 , Sábado y Domingo 8:00 - 14:00",https://twitter.com/vicemincom/status/1393221422143651841,Población general mayor o igual a 50 años,,Cochabamba,https://umap.openstreetmap.fr/en/map/puntos-de-vacunacion-covid-19-bolivia_611476#18/-17.346125/-66.16573
Facultad de Medicina UMSS ,"Lunes a Viernes 8:00 - 18:00 , Sábado y Domingo 8:00 - 14:00",https://twitter.com/vicemincom/status/1393221422143651841,Población general mayor o igual a 50 años,,Cochabamba,https://umap.openstreetmap.fr/en/map/puntos-de-vacunacion-covid-19-bolivia_611476#18/-17.387702/-66.149036
Escuela Técnica de Salud,"Población general: Lunes a Viernes 8:00 - 18:00 , Sábado y Domingo 8:00 - 14:00. Periodistas: 14:00 - 18:00",https://twitter.com/vicemincom/status/1393221422143651841 y https://twitter.com/abi_bolivia/status/1394327402545926149,Población general mayor o igual a 50 años. Periodistas en las listas enviadas por medios.,"Los periodistas deben asistir con su Carnet y Crendencial según la terminación de su Carnet de Identidad: 
Lunes: 0 y 1
Martes: 2 y 3
Miércoles: 4 y 5
Jueves: 6 y 7
Viernes: 8 y 9",Cochabamba,https://umap.openstreetmap.fr/en/map/puntos-de-vacunacion-covid-19-bolivia_611476#18/-17.386426/-66.147641
Coliseo Grover Suárez,Según el horario de las listas,https://www.facebook.com/permalink.php?story_fbid=139436791550368&id=108043218023059,Asegurados en la lista publicada y mayores de 40 años,Para asegurados de la CNS que se encuentran en las listas (revisar las listas [[https://www.facebook.com/Caja-Nacional-de-Salud-Regional-Cochabamba-108043218023059/|en facebook]]) y mayores de 40 años,Cochabamba,https://umap.openstreetmap.fr/en/map/puntos-de-vacunacion-covid-19-bolivia_611476#18/-17.39069/-66.165309
Coliseo Evo Morales Estadio,Según el horario de las listas,https://www.facebook.com/permalink.php?story_fbid=139436791550368&id=108043218023059,Asegurados en la lista publicada y mayores de 40 años,Para asegurados de la CNS que se encuentran en las listas (revisar las listas [[https://www.facebook.com/Caja-Nacional-de-Salud-Regional-Cochabamba-108043218023059/|en facebook]]) y mayores de 40 años,Cochabamba,https://umap.openstreetmap.fr/en/map/puntos-de-vacunacion-covid-19-bolivia_611476#18/-17.381222/-66.161275
Colegio Abaroa (CNS),Según el horario de las listas,https://www.facebook.com/permalink.php?story_fbid=139436791550368&id=108043218023059,Asegurados en la lista publicada y mayores de 40 años,Para asegurados de la CNS que se encuentran en las listas (revisar las listas [[https://www.facebook.com/Caja-Nacional-de-Salud-Regional-Cochabamba-108043218023059/|en facebook]]) y mayores de 40 años,Cochabamba,https://umap.openstreetmap.fr/en/map/puntos-de-vacunacion-covid-19-bolivia_611476#18/-17.394995/-66.158584
CIMFA Villa Galindo (CNS),9:00 - 11:00 según la lista,https://www.facebook.com/permalink.php?story_fbid=137939725033408&id=108043218023059,Asegurados en la lista publicada,Para asegurados de la CNS que se encuentran en las listas (revisar las listas [[https://www.facebook.com/Caja-Nacional-de-Salud-Regional-Cochabamba-108043218023059/|en facebook]]),Cochabamba,https://umap.openstreetmap.fr/en/map/puntos-de-vacunacion-covid-19-bolivia_611476#18/-17.392671/-66.169978
CIMFA Sur (CNS),9:00 - 11:00 según la lista,https://www.facebook.com/permalink.php?story_fbid=137938588366855&id=108043218023059,Asegurados en la lista publicada,Para asegurados de la CNS que se encuentran en las listas (revisar las listas [[https://www.facebook.com/Caja-Nacional-de-Salud-Regional-Cochabamba-108043218023059/|en facebook]]),Cochabamba,https://umap.openstreetmap.fr/en/map/puntos-de-vacunacion-covid-19-bolivia_611476#18/-17.399111/-66.1622
Centro de Salud Sarcobamba,"Lunes a Viernes, hasta las 18:00",https://twitter.com/arquitecta/status/1394682498660159488,Población general con enfermedades de base menores de 50 años,"Sólo requiere presentar Carnet de Identidad. Teléfono 4018597. También están vacunando en la OTB de la zona, a una cuadra.",Cochabamba,https://umap.openstreetmap.fr/en/map/puntos-de-vacunacion-covid-19-bolivia_611476#18/-17.378985/-66.188483
Campo Ferial Alalay (FEICOBOL),"Desde el Lunes 17 de Mayo, 8:00 - 17:00",https://facebook.com/story.php?story_fbid=1492132381141998&id=408578216164092,Población general mayor o igual a 50 años,Requisito de vacunación: CI original y fotocopia,Cochabamba,https://umap.openstreetmap.fr/en/map/puntos-de-vacunacion-covid-19-bolivia_611476#18/-17.417991/-66.129477
Universidad Técnica Privada Cosmos UNITEPC,8:00 - 16:30,https://twitter.com/vicemincom/status/1393221034057285634,Población general mayor o igual a 50 años,,La Paz,https://umap.openstreetmap.fr/en/map/puntos-de-vacunacion-covid-19-bolivia_611476#18/-16.511138/-68.159765
Monoblock UMSA,08:30 - 14:30 lunes a viernes.,https://twitter.com/vicemincom/status/1394782349284442112,Población general mayor o igual a 50 años,,La Paz,https://umap.openstreetmap.fr/en/map/puntos-de-vacunacion-covid-19-bolivia_611476#18/-16.504936/-68.13011
Hospital Metodista,06:00 - 18:00 lunes a viernes. 08:30 - 14:30 sábado.,https://twitter.com/vicemincom/status/1394782349284442112,Población general mayor o igual a 50 años,,La Paz,https://umap.openstreetmap.fr/en/map/puntos-de-vacunacion-covid-19-bolivia_611476#18/-16.527179/-68.104391
Hospital Juan XXIII,8:30 - 14:30 lunes a viernes.,https://twitter.com/vicemincom/status/1394782349284442112,Población general mayor o igual a 50 años,,La Paz,https://umap.openstreetmap.fr/en/map/puntos-de-vacunacion-covid-19-bolivia_611476#18/-16.487593/-68.157408
Hospital El Alto Sur,8:00 - 18:00,https://twitter.com/vicemincom/status/1393221034057285634,Población general mayor o igual a 50 años,,La Paz,https://umap.openstreetmap.fr/en/map/puntos-de-vacunacion-covid-19-bolivia_611476#18/-16.526352/-68.223424
Hospital Arco Iris,08:00 - 18:00 lunes a viernes. 08:30 - 14:30 sábado.,https://twitter.com/vicemincom/status/1394782349284442112,Población general mayor o igual a 50 años,,La Paz,https://umap.openstreetmap.fr/en/map/puntos-de-vacunacion-covid-19-bolivia_611476#18/-16.484184/-68.120291
Facultad de Medicina UMSA,08:30 - 14:30 lunes a viernes.,https://twitter.com/vicemincom/status/1394782349284442112,Población general mayor o igual a 50 años,,La Paz,https://umap.openstreetmap.fr/en/map/puntos-de-vacunacion-covid-19-bolivia_611476#18/-16.508433/-68.119882
Instituto INFOCAL,Población general: 8:00 - 14:30. Periodistas: 14:00 - 18:00,https://twitter.com/vicemincom/status/1393221034057285634 y https://twitter.com/abi_bolivia/status/1394327402545926149,Población general mayor o igual a 50 años. Periodistas en las listas enviadas por medios.,"Los periodistas deben asistir con su Carnet y Crendencial según la terminación de su Carnet de Identidad: 
Lunes: 0 y 1
Martes: 2 y 3
Miércoles: 4 y 5
Jueves: 6 y 7
Viernes: 8 y 9",La Paz,https://umap.openstreetmap.fr/en/map/puntos-de-vacunacion-covid-19-bolivia_611476#18/-16.50701/-68.163973
Escuela Militar de Ingeniería (Irpavi),08:30 - 14:30 lunes a viernes.,https://twitter.com/vicemincom/status/1394782349284442112,Población general mayor o igual a 50 años,,La Paz,https://umap.openstreetmap.fr/en/map/puntos-de-vacunacion-covid-19-bolivia_611476#18/-16.535071/-68.086706
Coliseo Instituto Americano,8:00 - 14:30 lunes a viernes.,https://twitter.com/vicemincom/status/1393242686057033728,Población general mayor o igual a 50 años,,La Paz,https://umap.openstreetmap.fr/en/map/puntos-de-vacunacion-covid-19-bolivia_611476#18/-16.51033/-68.137109
Centro de Salud del Municipio de Viacha,,https://twitter.com/vicemincom/status/1393221034057285634,Población general mayor o igual a 50 años, ,La Paz,https://umap.openstreetmap.fr/en/map/puntos-de-vacunacion-covid-19-bolivia_611476#18/-16.648416/-68.302048
Campus Universitario Cota Cota (UMSA),08:30 - 14:30 lunes a viernes.,https://twitter.com/vicemincom/status/1394782349284442112,Población general mayor o igual a 50 años,,La Paz,https://umap.openstreetmap.fr/en/map/puntos-de-vacunacion-covid-19-bolivia_611476#18/-16.539339/-68.06678
Academia Nacional de Policías (ANAPOL) ,08:30 - 14:30 lunes a viernes.,https://twitter.com/vicemincom/status/1394782349284442112,Población general mayor o igual a 50 años,,La Paz,https://umap.openstreetmap.fr/en/map/puntos-de-vacunacion-covid-19-bolivia_611476#18/-16.540659/-68.096105
,,,,,La Paz,https://umap.openstreetmap.fr/en/map/puntos-de-vacunacion-covid-19-bolivia_611476#18/-16.481028/-68.128796
Escuela Nacional de Salud Pública,Población general: 8:00 - 14:30. Periodistas: 14:00 - 18:00,https://twitter.com/vicemincom/status/1393242686057033728 y https://twitter.com/abi_bolivia/status/1394327402545926149,Población general mayor o igual a 50 años. Periodistas en las listas enviadas por medios.,"Los periodistas deben asistir con su Carnet y Crendencial según la terminación de su Carnet de Identidad: 
Lunes: 0 y 1
Martes: 2 y 3
Miércoles: 4 y 5
Jueves: 6 y 7
Viernes: 8 y 9",La Paz,https://umap.openstreetmap.fr/en/map/puntos-de-vacunacion-covid-19-bolivia_611476#18/-16.506579/-68.125991
Centro de Salud Santa Lucía,"Martes 18, Miércoles 19 y Jueves 20 de Mayo, de 9:00 a 17:00",https://www.facebook.com/SEDESOR/posts/4065849843451576,Población general de 50 años en adelante,Presentar original y fotocopia de Carnet de Identidad,Oruro,https://umap.openstreetmap.fr/en/map/puntos-de-vacunacion-covid-19-bolivia_611476#18/-17.971985/-67.103041
Centro de Salud Santa Rosa,"Martes 18, Miércoles 19 y Jueves 20 de Mayo, de 9:00 a 17:00",https://www.facebook.com/SEDESOR/posts/4065849843451576,Población general de 50 años en adelante,Presentar original y fotocopia de Carnet de Identidad,Oruro,https://umap.openstreetmap.fr/en/map/puntos-de-vacunacion-covid-19-bolivia_611476#18/-17.971242/-67.080819
Centro de Salud Socamani,"Martes 18, Miércoles 19 y Jueves 20 de Mayo, de 9:00 a 17:00",https://www.facebook.com/SEDESOR/posts/4065849843451576,Población general de 50 años en adelante,Presentar original y fotocopia de Carnet de Identidad,Oruro,https://umap.openstreetmap.fr/en/map/puntos-de-vacunacion-covid-19-bolivia_611476#18/-17.971008/-67.049088
Centro de Salud Vichuloma,"Martes 18, Miércoles 19 y Jueves 20 de Mayo, de 9:00 a 17:00",https://www.facebook.com/SEDESOR/posts/4065849843451576,Población general de 50 años en adelante,Presentar original y fotocopia de Carnet de Identidad,Oruro,https://umap.openstreetmap.fr/en/map/puntos-de-vacunacion-covid-19-bolivia_611476#18/-18.018803/-67.029734
Centro de Salud Vinto,"Martes 18, Miércoles 19 y Jueves 20 de Mayo, de 9:00 a 17:00",https://www.facebook.com/SEDESOR/posts/4065849843451576,Población general de 50 años en adelante,Presentar original y fotocopia de Carnet de Identidad,Oruro,https://umap.openstreetmap.fr/en/map/puntos-de-vacunacion-covid-19-bolivia_611476#18/-17.978764/-67.049571
Hospital Walter Khon,"Martes 18, Miércoles 19 y Jueves 20 de Mayo, de 9:00 a 17:00",https://www.facebook.com/SEDESOR/posts/4065849843451576,Población general de 50 años en adelante,Presentar original y fotocopia de Carnet de Identidad,Oruro,https://umap.openstreetmap.fr/en/map/puntos-de-vacunacion-covid-19-bolivia_611476#18/-17.986626/-67.113054
Hospital Barrios Mineros,"Martes 18, Miércoles 19 y Jueves 20 de Mayo, de 9:00 a 17:00",https://www.facebook.com/SEDESOR/posts/4065849843451576,Población general de 50 años en adelante,Presentar original y fotocopia de Carnet de Identidad,Oruro,https://umap.openstreetmap.fr/en/map/puntos-de-vacunacion-covid-19-bolivia_611476#18/-17.953857/-67.117378
Polifuncional de Economía,"Miércoles 19, Jueves 20 y Viernes 21 de Mayo, 8:00 - 20:00",https://www.facebook.com/SEDESOR/posts/4068678973168663,Población general mayor de 50 años,Punto masivo de vacunación. Debe llevar original y fotocopia de Carnet de Identidad,Oruro,https://umap.openstreetmap.fr/en/map/puntos-de-vacunacion-covid-19-bolivia_611476#18/-17.968018/-67.111026
Facultad de Medicina,"Miércoles 19, Jueves 20 y Viernes 21 de Mayo, 8:00 - 20:00",https://www.facebook.com/SEDESOR/posts/4068678973168663,Población general mayor de 50 años,Punto masivo de vacunación. Debe llevar original y fotocopia de Carnet de Identidad,Oruro,https://umap.openstreetmap.fr/en/map/puntos-de-vacunacion-covid-19-bolivia_611476#18/-17.957169/-67.119926
Facultad Técnica,"Miércoles 19, Jueves 20 y Viernes 21 de Mayo, 8:00 - 20:00",https://www.facebook.com/SEDESOR/posts/4068678973168663,Población general mayor de 50 años,Punto masivo de vacunación. Debe llevar original y fotocopia de Carnet de Identidad,Oruro,https://umap.openstreetmap.fr/en/map/puntos-de-vacunacion-covid-19-bolivia_611476#18/-17.954025/-67.107496
Centro de Salud Yugoeslavo,"Martes 18, Miércoles 19 y Jueves 20 de Mayo, de 9:00 a 17:00",https://www.facebook.com/SEDESOR/posts/4065849843451576,Población general de 50 años en adelante,Presentar original y fotocopia de Carnet de Identidad,Oruro,https://umap.openstreetmap.fr/en/map/puntos-de-vacunacion-covid-19-bolivia_611476#18/-17.934185/-67.116597
Centro de Salud Rumy Campana,"Martes 18, Miércoles 19 y Jueves 20 de Mayo, de 9:00 a 17:00",https://www.facebook.com/SEDESOR/posts/4065849843451576,Población general de 50 años en adelante,Presentar original y fotocopia de Carnet de Identidad,Oruro,https://umap.openstreetmap.fr/en/map/puntos-de-vacunacion-covid-19-bolivia_611476#18/-17.950706/-67.125271
Centro de Salud Plan 500,"Martes 18, Miércoles 19 y Jueves 20 de Mayo, de 9:00 a 17:00",https://www.facebook.com/SEDESOR/posts/4065849843451576,Población general de 50 años en adelante,Presentar original y fotocopia de Carnet de Identidad,Oruro,https://umap.openstreetmap.fr/en/map/puntos-de-vacunacion-covid-19-bolivia_611476#18/-17.979259/-67.142311
Centro de Salud Pumas Andinos,"Martes 18, Miércoles 19 y Jueves 20 de Mayo, de 9:00 a 17:00",https://www.facebook.com/SEDESOR/posts/4065849843451576,Población general de 50 años en adelante,Presentar original y fotocopia de Carnet de Identidad,Oruro,https://umap.openstreetmap.fr/en/map/puntos-de-vacunacion-covid-19-bolivia_611476#18/-17.991468/-67.077284
Centro de Salud Papa Juan Pablo II,"Martes 18, Miércoles 19 y Jueves 20 de Mayo, de 9:00 a 17:00",https://www.facebook.com/SEDESOR/posts/4065849843451576,Población general de 50 años en adelante,Presentar original y fotocopia de Carnet de Identidad,Oruro,https://umap.openstreetmap.fr/en/map/puntos-de-vacunacion-covid-19-bolivia_611476#18/-17.952729/-67.067263
Centro de Salud María Auxiliadora,"Martes 18, Miércoles 19 y Jueves 20 de Mayo, de 9:00 a 17:00",https://www.facebook.com/SEDESOR/posts/4065849843451576,Población general de 50 años en adelante,Presentar original y fotocopia de Carnet de Identidad,Oruro,https://umap.openstreetmap.fr/en/map/puntos-de-vacunacion-covid-19-bolivia_611476#18/-17.942634/-67.0968
Centro de Salud Los Ángeles,"Martes 18, Miércoles 19 y Jueves 20 de Mayo, de 9:00 a 17:00",https://www.facebook.com/SEDESOR/posts/4065849843451576,Población general de 50 años en adelante,Presentar original y fotocopia de Carnet de Identidad,Oruro,https://umap.openstreetmap.fr/en/map/puntos-de-vacunacion-covid-19-bolivia_611476#18/-17.970569/-67.060214
Centro de Salud La Aurora,"Martes 18, Miércoles 19 y Jueves 20 de Mayo, de 9:00 a 17:00",https://www.facebook.com/SEDESOR/posts/4065849843451576,Población general de 50 años en adelante,Presentar original y fotocopia de Carnet de Identidad,Oruro,https://umap.openstreetmap.fr/en/map/puntos-de-vacunacion-covid-19-bolivia_611476#18/-17.912521/-67.126492
Centro de Salud Chiripujio,"Martes 18, Miércoles 19 y Jueves 20 de Mayo, de 9:00 a 17:00",https://www.facebook.com/SEDESOR/posts/4065849843451576,Población general de 50 años en adelante,Presentar original y fotocopia de Carnet de Identidad,Oruro,https://umap.openstreetmap.fr/en/map/puntos-de-vacunacion-covid-19-bolivia_611476#18/-17.977394/-67.136196
Centro de Salud Candelaria 2,"Martes 18, Miércoles 19 y Jueves 20 de Mayo, de 9:00 a 17:00",https://www.facebook.com/SEDESOR/posts/4065849843451576,Población general de 50 años en adelante,Presentar original y fotocopia de Carnet de Identidad,Oruro,https://umap.openstreetmap.fr/en/map/puntos-de-vacunacion-covid-19-bolivia_611476#18/-17.957051/-67.099546
Centro de Salud Alto Oruro,"Martes 18, Miércoles 19 y Jueves 20 de Mayo, de 9:00 a 17:00",https://www.facebook.com/SEDESOR/posts/4065849843451576,Población general de 50 años en adelante,Presentar original y fotocopia de Carnet de Identidad,Oruro,https://umap.openstreetmap.fr/en/map/puntos-de-vacunacion-covid-19-bolivia_611476#18/-17.976784/-67.120838
Centro de Salud 7 de Marzo,"Martes 18, Miércoles 19 y Jueves 20 de Mayo, de 9:00 a 17:00",https://www.facebook.com/SEDESOR/posts/4065849843451576,Población general de 50 años en adelante,Presentar original y fotocopia de Carnet de Identidad,Oruro,https://umap.openstreetmap.fr/en/map/puntos-de-vacunacion-covid-19-bolivia_611476#18/-17.985994/-67.084816
Campo Ferial 3 de Julio,Lunes a Viernes 8:30 - 16:00,https://www.facebook.com/CajaNacionaldeSalud.RegionalOruro/posts/336171344629666,Asegurados de la CNS mayores de 50 años,,Oruro,https://umap.openstreetmap.fr/en/map/puntos-de-vacunacion-covid-19-bolivia_611476#18/-17.986203/-67.137837
Asistencia Pública,"Martes 18, Miércoles 19 y Jueves 20 de Mayo, de 9:00 a 17:00",https://www.facebook.com/SEDESOR/posts/4065849843451576,Población general de 50 años en adelante,Presentar original y fotocopia de Carnet de Identidad,Oruro,https://umap.openstreetmap.fr/en/map/puntos-de-vacunacion-covid-19-bolivia_611476#18/-17.968911/-67.115816
Centro de Salud Rafael Pabón,"Martes 18, Miércoles 19 y Jueves 20 de Mayo, de 9:00 a 17:00",https://www.facebook.com/SEDESOR/posts/4065849843451576,Población general de 50 años en adelante,Presentar original y fotocopia de Carnet de Identidad,Oruro,https://umap.openstreetmap.fr/en/map/puntos-de-vacunacion-covid-19-bolivia_611476#18/-17.981652/-67.104916
Centro de Salud Villa Busch,"Desde el lunes, 8:00 - 16:00",https://www.facebook.com/SaludDePando/posts/1483493831998047,Población general mayor a 18 años,,Pando,https://umap.openstreetmap.fr/en/map/puntos-de-vacunacion-covid-19-bolivia_611476#18/-11.087781/-68.781683
SEDES Pando,"Desde el lunes, 8:00 - 16:00",https://www.facebook.com/SaludDePando/posts/1483493831998047,Población general mayor a 18 años,,Pando,https://umap.openstreetmap.fr/en/map/puntos-de-vacunacion-covid-19-bolivia_611476#18/-11.024171/-68.758264
Hospital Dr. Roberto Galindo Terán,"Desde el lunes, 8:00 - 13:00",https://www.facebook.com/SaludDePando/posts/1483493831998047,Población general mayor a 18 años,,Pando,https://umap.openstreetmap.fr/en/map/puntos-de-vacunacion-covid-19-bolivia_611476#18/-11.033017/-68.767719
Centro de Salud Santa Clara,"Desde el lunes, 8:00 - 16:00",https://www.facebook.com/SaludDePando/posts/1483493831998047,Población general mayor a 18 años,,Pando,https://umap.openstreetmap.fr/en/map/puntos-de-vacunacion-covid-19-bolivia_611476#18/-11.031337/-68.773706
Centro de Salud Petrolero,"Desde el lunes, 8:00 - 16:00",https://www.facebook.com/SaludDePando/posts/1483493831998047,Población general mayor a 18 años,,Pando,https://umap.openstreetmap.fr/en/map/puntos-de-vacunacion-covid-19-bolivia_611476#18/-11.031279/-68.754297
Centro de Salud Mapajo,"Desde el lunes, 7:30- 18:00",https://www.facebook.com/SaludDePando/posts/1483493831998047,Población general mayor a 18 años,,Pando,https://umap.openstreetmap.fr/en/map/puntos-de-vacunacion-covid-19-bolivia_611476#18/-11.009248/-68.751272
Centro de Salud 27 de Mayo,"Desde el lunes, 8:00 - 16:00",https://www.facebook.com/SaludDePando/posts/1483493831998047,Población general mayor a 18 años,,Pando,https://umap.openstreetmap.fr/en/map/puntos-de-vacunacion-covid-19-bolivia_611476#18/-11.021291/-68.767869
Caja Nacional de Salud Regional Pando,"Desde el lunes, 8:00 - 16:00",https://www.facebook.com/SaludDePando/posts/1483493831998047,Población general mayor a 18 años,,Pando,https://umap.openstreetmap.fr/en/map/puntos-de-vacunacion-covid-19-bolivia_611476#18/-11.017913/-68.755086
Vacunatorio PAI,Lunes a Viernes 9:00 - 14:00,https://www.facebook.com/permalink.php?story_fbid=325816182338253&id=110681273851746,Población general mayor de 40 años y personas entre 18 y 39 años con enfermedades de base,Recomiendan llenar el pre-registro 24 horas antes,Potosí,https://umap.openstreetmap.fr/en/map/puntos-de-vacunacion-covid-19-bolivia_611476#18/-19.581944/-65.753222
Centro de Salud Villa Venezuela,Lunes a Viernes 9:00 - 14:00,https://www.facebook.com/permalink.php?story_fbid=325816182338253&id=110681273851746,Población general mayor de 40 años y personas entre 18 y 39 años con enfermedades de base,Recomiendan llenar el pre-registro 24 horas antes,Potosí,https://umap.openstreetmap.fr/en/map/puntos-de-vacunacion-covid-19-bolivia_611476#18/-19.578543/-65.770801
Centro de Salud Villa Colón,Lunes a Viernes 9:00 - 14:00,https://www.facebook.com/permalink.php?story_fbid=325816182338253&id=110681273851746,Población general mayor de 40 años y personas entre 18 y 39 años con enfermedades de base,Recomiendan llenar el pre-registro 24 horas antes,Potosí,https://umap.openstreetmap.fr/en/map/puntos-de-vacunacion-covid-19-bolivia_611476#18/-19.590624/-65.740669
Centro de Salud San Roque,Lunes a Viernes 9:00 - 14:00,https://www.facebook.com/permalink.php?story_fbid=325816182338253&id=110681273851746,Población general mayor de 40 años y personas entre 18 y 39 años con enfermedades de base,Recomiendan llenar el pre-registro 24 horas antes,Potosí,https://umap.openstreetmap.fr/en/map/puntos-de-vacunacion-covid-19-bolivia_611476#18/-19.577764/-65.75113
Centro de Salud San Pedro,Lunes a Viernes 9:00 - 14:00,https://www.facebook.com/permalink.php?story_fbid=325816182338253&id=110681273851746,Población general mayor de 40 años y personas entre 18 y 39 años con enfermedades de base,Recomiendan llenar el pre-registro 24 horas antes,Potosí,https://umap.openstreetmap.fr/en/map/puntos-de-vacunacion-covid-19-bolivia_611476#18/-19.598182/-65.750647
Centro de Salud San Gerardo,Lunes a Viernes 9:00 - 14:00,https://www.facebook.com/permalink.php?story_fbid=325816182338253&id=110681273851746,Población general mayor de 40 años y personas entre 18 y 39 años con enfermedades de base,Recomiendan llenar el pre-registro 24 horas antes,Potosí,https://umap.openstreetmap.fr/en/map/puntos-de-vacunacion-covid-19-bolivia_611476#18/-19.582131/-65.744623
Centro de Salud San Cristóbal,Lunes a Viernes 9:00 - 14:00,https://www.facebook.com/permalink.php?story_fbid=325816182338253&id=110681273851746,Población general mayor de 40 años y personas entre 18 y 39 años con enfermedades de base,Recomiendan llenar el pre-registro 24 horas antes,Potosí,https://umap.openstreetmap.fr/en/map/puntos-de-vacunacion-covid-19-bolivia_611476#18/-19.594432/-65.742788
Centro de Salud San Benito,Lunes a Viernes 9:00 - 14:00,https://www.facebook.com/permalink.php?story_fbid=325816182338253&id=110681273851746,Población general mayor de 40 años y personas entre 18 y 39 años con enfermedades de base,Recomiendan llenar el pre-registro 24 horas antes,Potosí,https://umap.openstreetmap.fr/en/map/puntos-de-vacunacion-covid-19-bolivia_611476#18/-19.593975/-65.757852
Centro de Salud Villa Mecánicos,Lunes a Viernes 9:00 - 14:00,https://www.facebook.com/permalink.php?story_fbid=325816182338253&id=110681273851746,Población general mayor de 40 años y personas entre 18 y 39 años con enfermedades de base,Recomiendan llenar el pre-registro 24 horas antes,Potosí,https://umap.openstreetmap.fr/en/map/puntos-de-vacunacion-covid-19-bolivia_611476#18/-19.568007/-65.74818
Centro de Salud Sagrada Familia ,Lunes a Viernes 9:00 - 14:00,https://www.facebook.com/permalink.php?story_fbid=325816182338253&id=110681273851746,Población general mayor de 40 años y personas entre 18 y 39 años con enfermedades de base,Recomiendan llenar el pre-registro 24 horas antes,Potosí,https://umap.openstreetmap.fr/en/map/puntos-de-vacunacion-covid-19-bolivia_611476#18/-19.572725/-65.749397
Centro de Salud Potosí,Lunes a Viernes 9:00 - 14:00,https://www.facebook.com/permalink.php?story_fbid=325816182338253&id=110681273851746,Población general mayor de 40 años y personas entre 18 y 39 años con enfermedades de base,Recomiendan llenar el pre-registro 24 horas antes,Potosí,https://umap.openstreetmap.fr/en/map/puntos-de-vacunacion-covid-19-bolivia_611476#18/-19.589313/-65.748869
Centro de Salud Plan 40,Lunes a Viernes 9:00 - 14:00,https://www.facebook.com/permalink.php?story_fbid=325816182338253&id=110681273851746,Población general mayor de 40 años y personas entre 18 y 39 años con enfermedades de base,Recomiendan llenar el pre-registro 24 horas antes,Potosí,https://umap.openstreetmap.fr/en/map/puntos-de-vacunacion-covid-19-bolivia_611476#18/-19.569692/-65.769648
Centro de Salud Pary Ork'o,Lunes a Viernes 9:00 - 14:00,https://www.facebook.com/permalink.php?story_fbid=325816182338253&id=110681273851746,Población general mayor de 40 años y personas entre 18 y 39 años con enfermedades de base,Recomiendan llenar el pre-registro 24 horas antes,Potosí,https://umap.openstreetmap.fr/en/map/puntos-de-vacunacion-covid-19-bolivia_611476#18/-19.579713/-65.764554
Centro de Salud Pailaviri,Lunes a Viernes 9:00 - 14:00,https://www.facebook.com/permalink.php?story_fbid=325816182338253&id=110681273851746,Población general mayor de 40 años y personas entre 18 y 39 años con enfermedades de base,"Campamento Pailaviri, Bloque #87. Recomiendan llenar el pre-registro 24 horas antes",Potosí,https://umap.openstreetmap.fr/en/map/puntos-de-vacunacion-covid-19-bolivia_611476#18/-19.60505/-65.743783
Centro de Salud Las Delicias,Lunes a Viernes 9:00 - 14:00,https://www.facebook.com/permalink.php?story_fbid=325816182338253&id=110681273851746,Población general mayor de 40 años y personas entre 18 y 39 años con enfermedades de base,Recomiendan llenar el pre-registro 24 horas antes,Potosí,https://umap.openstreetmap.fr/en/map/puntos-de-vacunacion-covid-19-bolivia_611476#18/-19.570514/-65.759244
Centro de Salud Cerro de Plata,Lunes a Viernes 9:00 - 14:00,https://www.facebook.com/permalink.php?story_fbid=325816182338253&id=110681273851746,Población general mayor de 40 años y personas entre 18 y 39 años con enfermedades de base,Recomiendan llenar el pre-registro 24 horas antes,Potosí,https://umap.openstreetmap.fr/en/map/puntos-de-vacunacion-covid-19-bolivia_611476#18/-19.605987/-65.748705
Centro de Salud Cantumarca,Lunes a Viernes 9:00 - 14:00,https://www.facebook.com/permalink.php?story_fbid=325816182338253&id=110681273851746,Población general mayor de 40 años y personas entre 18 y 39 años con enfermedades de base,Recomiendan llenar el pre-registro 24 horas antes,Potosí,https://umap.openstreetmap.fr/en/map/puntos-de-vacunacion-covid-19-bolivia_611476#18/-19.584949/-65.780444
Centro de Salud San Ancelmo,Lunes a Viernes 9:00 - 14:00,https://www.facebook.com/permalink.php?story_fbid=325816182338253&id=110681273851746,Población general mayor de 40 años y personas entre 18 y 39 años con enfermedades de base,Recomiendan llenar el pre-registro 24 horas antes,Potosí,https://umap.openstreetmap.fr/en/map/puntos-de-vacunacion-covid-19-bolivia_611476#18/-19.592861/-65.755295
Hospital Santa Cruz (CPS),"Lunes a viernes, 8:00 - 12:00",https://www.facebook.com/sedescz/posts/1581093042098682,Población general mayor o igual a 50 años,Presentar original y fotocopia de Carnet de Identidad,Santa Cruz,https://umap.openstreetmap.fr/en/map/puntos-de-vacunacion-covid-19-bolivia_611476#18/-17.777433/-63.185838
Hospital Santa Cruz (Parqueo de consulta externa),"Desde el lunes 17 de mayo, 8:00 - 12:30",https://www.facebook.com/cajapetroleradesaludsantacruz/posts/310042173988381,Asegurados de la CPS mayores de 50 años,"Para asegurados, presentar carnet de seguro y carnet de identidad. ",Santa Cruz,https://umap.openstreetmap.fr/en/map/puntos-de-vacunacion-covid-19-bolivia_611476#18/-17.777464/-63.185989
Módulo Educativo Claudina Thevenet,"Lunes a viernes, 8:00 - 14:00",https://www.facebook.com/sedescz/posts/1581093042098682,Población general mayor o igual a 50 años,Presentar original y fotocopia de Carnet de Identidad,Santa Cruz,https://umap.openstreetmap.fr/en/map/puntos-de-vacunacion-covid-19-bolivia_611476#18/-17.82882/-63.133439
Módulo Educativo Hernando Siles,"Lunes a viernes, 8:00 - 13:00",https://www.facebook.com/sedescz/posts/1581093042098682,Población general mayor o igual a 50 años,Presentar original y fotocopia de Carnet de Identidad,Santa Cruz,https://umap.openstreetmap.fr/en/map/puntos-de-vacunacion-covid-19-bolivia_611476#18/-17.861225/-63.176225
Módulo Educativo San Isidro,"Lunes a viernes, 8:00 - 14:00",https://www.facebook.com/sedescz/posts/1581093042098682,Población general mayor o igual a 50 años,,Santa Cruz,https://umap.openstreetmap.fr/en/map/puntos-de-vacunacion-covid-19-bolivia_611476#18/-17.809301/-63.132108
Policonsultorio Norte (CPS),"Población general, lunes a viernes, 8:00 - 12:00. Asegurados a la CPS: desde el lunes 17 de mayo, 8:00 - 12:30",https://www.facebook.com/sedescz/posts/1581093042098682 y https://www.facebook.com/cajapetroleradesaludsantacruz/posts/310042173988381,Población general mayor o igual a 50 años. Asegurados de la CPS mayores de 50 años,"Población general, presentar original y fotocopia de Carnet de Identidad. Asegurados a la CPS, presentar carnet de seguro y carnet de identidad",Santa Cruz,https://umap.openstreetmap.fr/en/map/puntos-de-vacunacion-covid-19-bolivia_611476#18/-17.76163/-63.181673
Policonsultorio Sur (CPS),"Población general, lunes a viernes, 8:00 - 14:00. Asegurados a la CPS: desde el lunes 17 de mayo, 8:00 - 12:30",https://www.facebook.com/sedescz/posts/1581093042098682 y https://www.facebook.com/cajapetroleradesaludsantacruz/posts/310042173988381,Población general mayor o igual a 50 años. Asegurados de la CPS mayores de 50 años,"Población general, presentar original y fotocopia de Carnet de Identidad. Asegurados a la CPS, presentar carnet de seguro y carnet de identidad",Santa Cruz,https://umap.openstreetmap.fr/en/map/puntos-de-vacunacion-covid-19-bolivia_611476#18/-17.807074/-63.170357
UDABOL Sede Central,"Población general: Lunes a Viernes 8:00 - 18:00 , Sábado y Domingo 8:00 - 13:00. Periodistas: 14:00 - 18:00. Asegurados a la CPS: lunes a viernes, 8:00 - 18:00","https://twitter.com/vicemincom/status/1393223444272193539 , https://twitter.com/abi_bolivia/status/1394327402545926149 y https://m.facebook.com/story.php?story_fbid=311252503867348&id=112103107115623",Población general mayor o igual a 50 años. Periodistas en las listas enviadas por medios. Asegurados a la CPS mayores de 50 años.,"Los periodistas deben asistir con su Carnet y Crendencial. El orden para periodistas y asegurados a la CPS es según la terminación de su Carnet de Identidad: 
Lunes: 0 y 1
Martes: 2 y 3
Miércoles: 4 y 5
Jueves: 6 y 7
Viernes: 8 y 9",Santa Cruz,https://umap.openstreetmap.fr/en/map/puntos-de-vacunacion-covid-19-bolivia_611476#18/-17.768726/-63.201491
Seguro Social Universitario,"Lunes a viernes, 8:00 - 14:00",https://www.facebook.com/sedescz/posts/1581093042098682,Población general mayor o igual a 50 años,Presentar original y fotocopia de Carnet de Identidad,Santa Cruz,https://umap.openstreetmap.fr/en/map/puntos-de-vacunacion-covid-19-bolivia_611476#18/-17.784664/-63.184623
Sinec,"Lunes, Martes y Miércoles, 12:00 - 18:00, Jueves y Viernes 8:00 - 18:00",https://www.facebook.com/sedescz/posts/1581093042098682,Población general mayor o igual a 50 años,Presentar original y fotocopia de Carnet de Identidad,Santa Cruz,https://umap.openstreetmap.fr/en/map/puntos-de-vacunacion-covid-19-bolivia_611476#18/-17.779448/-63.185323
Universidad Cristiana de Bolivia (UCEBOL),"Lunes a viernes, 8:00 - 14:00",https://www.facebook.com/sedescz/posts/1581093042098682,Población general mayor o igual a 50 años,,Santa Cruz,https://umap.openstreetmap.fr/en/map/puntos-de-vacunacion-covid-19-bolivia_611476#18/-17.730692/-63.170443
Universidad Nacional Ecológica,"Lunes a Viernes 8:00 - 18:00 , Sábado y Domingo 8:00 - 13:00",https://twitter.com/vicemincom/status/1393223444272193539,Población general mayor o igual a 50 años,"En la publicación de SEDES Santa Cruz, indica que el horario es de 8:00 a 14:00 de lunes a viernes (https://www.facebook.com/sedescz/posts/1581093042098682).",Santa Cruz,https://umap.openstreetmap.fr/en/map/puntos-de-vacunacion-covid-19-bolivia_611476#18/-17.76454/-63.100341
Universidad NUR,"Lunes a Viernes 8:00 - 18:00 , Sábado y Domingo 8:00 - 13:00",https://twitter.com/vicemincom/status/1393223444272193539,Población general mayor o igual a 50 años,,Santa Cruz,https://umap.openstreetmap.fr/en/map/puntos-de-vacunacion-covid-19-bolivia_611476#18/-17.76896/-63.182782
Hospital Guarachi,"Población general, lunes a viernes, 8:00 - 12:00. Asegurados a la CPS: desde el lunes 17 de mayo, 8:00 - 12:30",https://www.facebook.com/sedescz/posts/1581093042098682 y https://www.facebook.com/cajapetroleradesaludsantacruz/posts/310042173988381,Población general mayor o igual a 50 años. Asegurados de la CPS mayores de 50 años,"Población general, presentar original y fotocopia de Carnet de Identidad. Asegurados a la CPS, presentar carnet de seguro y carnet de identidad",Santa Cruz,https://umap.openstreetmap.fr/en/map/puntos-de-vacunacion-covid-19-bolivia_611476#18/-17.786086/-63.146823
Prosalud Foianini,"Lunes a viernes, 8:00 - 14:00",https://www.facebook.com/sedescz/posts/1581093042098682,Población general mayor o igual a 50 años,,Santa Cruz,https://umap.openstreetmap.fr/en/map/puntos-de-vacunacion-covid-19-bolivia_611476#18/-17.794142/-63.151533
Hospital El Bajío,8am a 16pm,,,,Santa Cruz,https://umap.openstreetmap.fr/en/map/puntos-de-vacunacion-covid-19-bolivia_611476#18/-17.832072/-63.209272
CIMFA Norte (CNS),"Lunes a viernes, 13:00 - 19:00",https://www.facebook.com/sedescz/posts/1581093042098682,Población general mayor o igual a 50 años,,Santa Cruz,https://umap.openstreetmap.fr/en/map/puntos-de-vacunacion-covid-19-bolivia_611476#18/-17.769832/-63.183693
Escuela Militar de Ingeniería,"Lunes a Viernes 8:00 - 18:00 , Sábado y Domingo 8:00 - 13:00",https://twitter.com/vicemincom/status/1393223444272193539,Población general mayor o igual a 50 años,"Según Malkya Tudela (https://twitter.com/MalkyaT/status/1394612907619635201), atenderán desde el jueves porque ahora se están capacitando.",Santa Cruz,https://umap.openstreetmap.fr/en/map/puntos-de-vacunacion-covid-19-bolivia_611476#18/-17.81248/-63.17826
Caja de Caminos,"Lunes a viernes, 8:00 - 13:00",https://www.facebook.com/sedescz/posts/1581093042098682,Población general mayor o igual a 50 años,Presentar original y fotocopia de Carnet de Identidad,Santa Cruz,https://umap.openstreetmap.fr/en/map/puntos-de-vacunacion-covid-19-bolivia_611476#18/-17.775773/-63.154886
Caja de Salud CORDES,"Lunes a viernes, 8:00 - 14:00",https://www.facebook.com/sedescz/posts/1581093042098682,Población general mayor o igual a 50 años,Presentar original y fotocopia de Carnet de Identidad,Santa Cruz,https://umap.openstreetmap.fr/en/map/puntos-de-vacunacion-covid-19-bolivia_611476#18/-17.788474/-63.169689
"Centro de Especialidades Médicas, UAGRM","Lunes a viernes, 8:00 - 14:00",https://www.facebook.com/sedescz/posts/1581093042098682,Población general mayor o igual a 50 años,,Santa Cruz,https://umap.openstreetmap.fr/en/map/puntos-de-vacunacion-covid-19-bolivia_611476#18/-17.773472/-63.194293
Facultad de Medicina UAGRM,"Lunes a Viernes 8:00 - 18:00 , Sábado y Domingo 8:00 - 13:00",https://twitter.com/vicemincom/status/1393223444272193539,Población general mayor o igual a 50 años,,Santa Cruz,https://umap.openstreetmap.fr/en/map/puntos-de-vacunacion-covid-19-bolivia_611476#18/-17.775029/-63.19805
Centro de Salud Sante Sud,"Lunes a viernes, 8:00 - 13:00",https://www.facebook.com/sedescz/posts/1581093042098682,Población general mayor o igual a 50 años,,Santa Cruz,https://umap.openstreetmap.fr/en/map/puntos-de-vacunacion-covid-19-bolivia_611476#18/-17.833978/-63.178672
Centro Integral de Salud DM-10,"Lunes a viernes, 8:00 - 16:00",https://www.facebook.com/sedescz/posts/1581093042098682,Población general mayor o igual a 50 años,,Santa Cruz,https://umap.openstreetmap.fr/en/map/puntos-de-vacunacion-covid-19-bolivia_611476#18/-17.816267/-63.23297
Centro Integral DM-12,"Lunes a viernes, 8:00 - 16:00",https://www.facebook.com/sedescz/posts/1581093042098682,Población general mayor o igual a 50 años,,Santa Cruz,https://umap.openstreetmap.fr/en/map/puntos-de-vacunacion-covid-19-bolivia_611476#18/-17.843971/-63.168989
Centro de Salud Elvira Wonderlich,"Lunes a viernes, 8:00 - 13:00",https://www.facebook.com/sedescz/posts/1581093042098682,,Población mayor o igual a 50 años,Santa Cruz,https://umap.openstreetmap.fr/en/map/puntos-de-vacunacion-covid-19-bolivia_611476#18/-17.802108/-63.18351
CIMFA Central (CNS),"Lunes a viernes, 8:00 - 15:00",https://www.facebook.com/sedescz/posts/1581093042098682,Población general mayor o igual a 50 años,,Santa Cruz,https://umap.openstreetmap.fr/en/map/puntos-de-vacunacion-covid-19-bolivia_611476#18/-17.795327/-63.179935
CIMFA Pauserna (CNS),"Lunes a viernes, 8:00 - 18:00",https://www.facebook.com/sedescz/posts/1581093042098682,Población general mayor o igual a 50 años,,Santa Cruz,https://umap.openstreetmap.fr/en/map/puntos-de-vacunacion-covid-19-bolivia_611476#18/-17.77859/-63.159145
CIMFA Santos Dumont (CNS),"Lunes a viernes, 8:00 - 13:00",https://www.facebook.com/sedescz/posts/1581093042098682,Población general mayor o igual a 50 años,Presentar original y fotocopia de Carnet de Identidad,Santa Cruz,https://umap.openstreetmap.fr/en/map/puntos-de-vacunacion-covid-19-bolivia_611476#18/-17.827885/-63.183773
CIMFA Villa 1ro de Mayo (CNS),"Lunes a viernes, 8:00 - 14:00",https://www.facebook.com/sedescz/posts/1581093042098682,Población general mayor o igual a 50 años,Presentar original y fotocopia de Carnet de Identidad,Santa Cruz,https://umap.openstreetmap.fr/en/map/puntos-de-vacunacion-covid-19-bolivia_611476#18/-17.80759/-63.138347
El Remanso,"Lunes a Viernes, 8:00 - 14:00",https://www.facebook.com/sedescz/posts/1581093042098682,Población general mayor o igual a 50 años,Lunes a viernes de 8:30 a 14:00,Santa Cruz,https://umap.openstreetmap.fr/en/map/puntos-de-vacunacion-covid-19-bolivia_611476#18/-17.714872/-63.178796
CIMFA Bajío (CNS),"Lunes a viernes, 8:00 - 14:00",https://www.facebook.com/sedescz/posts/1581093042098682,Población general mayor o igual a 50 años,Presentar original y fotocopia de Carnet de Identidad,Santa Cruz,https://umap.openstreetmap.fr/en/map/puntos-de-vacunacion-covid-19-bolivia_611476#18/-17.832916/-63.231522
Hospital San Antonio,"Desde el lunes 17 de Mayo, 7:00 - 13:00",https://www.facebook.com/Tarija.SEDES/posts/829114544383891,Población general mayor o igual a 50 años,Portar Carnet de Identidad,Tarija,https://umap.openstreetmap.fr/en/map/puntos-de-vacunacion-covid-19-bolivia_611476#18/-21.529488/-64.760338
Albergue Municipal,"Desde el lunes 17 de Mayo, 8:00 - 13:00",https://www.facebook.com/Tarija.SEDES/posts/829114544383891,Población general mayor o igual a 50 años,Portar Carnet de Identidad,Tarija,https://umap.openstreetmap.fr/en/map/puntos-de-vacunacion-covid-19-bolivia_611476#18/-21.529583/-64.740828
Centro Cultural Salamanca,"Desde el lunes 17 de Mayo, 8:00 - 13:00",https://www.facebook.com/Tarija.SEDES/posts/829114544383891,Población general mayor o igual a 50 años,Portar Carnet de Identidad,Tarija,https://umap.openstreetmap.fr/en/map/puntos-de-vacunacion-covid-19-bolivia_611476#18/-21.530935/-64.721478
Centro de Salud 15 de Noviembre,"Desde el lunes 17 de Mayo, 7:00 - 13:00",https://www.facebook.com/Tarija.SEDES/posts/829114544383891,Población general mayor o igual a 50 años,Portar Carnet de Identidad,Tarija,https://umap.openstreetmap.fr/en/map/puntos-de-vacunacion-covid-19-bolivia_611476#18/-21.518761/-64.744634
Centro de Salud Palmarcito,"Desde el lunes 17 de Mayo, 7:00 - 13:00",https://www.facebook.com/Tarija.SEDES/posts/829114544383891,Población general mayor o igual a 50 años,Portar Carnet de Identidad,Tarija,https://umap.openstreetmap.fr/en/map/puntos-de-vacunacion-covid-19-bolivia_611476#18/-21.531144/-64.711216
Centro de Salud San Jorge,"Desde el lunes 17 de Mayo, 7:00 - 13:00",https://www.facebook.com/Tarija.SEDES/posts/829114544383891,Población general mayor o igual a 50 años,Portar Carnet de Identidad,Tarija,https://umap.openstreetmap.fr/en/map/puntos-de-vacunacion-covid-19-bolivia_611476#18/-21.552016/-64.697247
Centro de Salud Villa Abaroa,"Desde el lunes 17 de Mayo, 7:00 - 13:00",https://www.facebook.com/Tarija.SEDES/posts/829114544383891,Población general mayor o igual a 50 años,Portar Carnet de Identidad,Tarija,https://umap.openstreetmap.fr/en/map/puntos-de-vacunacion-covid-19-bolivia_611476#18/-21.516964/-64.731174
Coliseo 15 de Noviembre,"Desde el lunes 17 de Mayo, 8:00 - 13:00",https://www.facebook.com/Tarija.SEDES/posts/829114544383891,Población general mayor o igual a 50 años,Portar Carnet de Identidad,Tarija,https://umap.openstreetmap.fr/en/map/puntos-de-vacunacion-covid-19-bolivia_611476#18/-21.518319/-64.745074
Universidad Domingo Savio,"Desde el lunes 17 de Mayo, 8:00 - 13:00",https://www.facebook.com/Tarija.SEDES/posts/829114544383891,Población general mayor o igual a 50 años,Portar Carnet de Identidad,Tarija,https://umap.openstreetmap.fr/en/map/puntos-de-vacunacion-covid-19-bolivia_611476#18/-21.536793/-64.741713
